Concept,Auditory,Gustatory,Haptic,Olfactory,Visual
academy,1.41176470588235,0.0588235294117647,0.47058823529411803,0.11764705882352901,2.70588235294118
account,1.70588235294118,0.11764705882352901,0.35294117647058804,0.23529411764705901,1.41176470588235
addition,1.29411764705882,0.47058823529411803,0.8823529411764711,0.647058823529412,3.05882352941176
administration,1.75,0.0625,0.5,0.25,2.625
advantage,1.70588235294118,0.35294117647058804,0.529411764705882,0.47058823529411803,3.11764705882353
aim,1.41176470588235,0.23529411764705901,1.1176470588235299,0.47058823529411803,2.64705882352941
air,1.05882352941176,1.47058823529412,2.11764705882353,2.52941176470588,1.35294117647059
amount,2.0,1.64705882352941,3.11764705882353,1.35294117647059,4.05882352941176
appeal,2.29411764705882,1.41176470588235,1.23529411764706,1.29411764705882,3.29411764705882
arrangement,1.82352941176471,0.29411764705882404,1.47058823529412,0.47058823529411803,3.41176470588235
baby,4.23529411764706,0.8235294117647061,3.64705882352941,3.11764705882353,4.88235294117647
back,0.647058823529412,0.29411764705882404,2.94117647058824,0.529411764705882,3.94117647058824
balance,1.23529411764706,0.41176470588235303,1.76470588235294,0.29411764705882404,2.94117647058824
bank,1.29411764705882,0.0588235294117647,1.23529411764706,0.29411764705882404,4.41176470588235
bear,3.11764705882353,0.47058823529411803,2.47058823529412,1.8823529411764701,4.4705882352941195
beauty,1.94117647058824,0.9411764705882351,2.35294117647059,1.76470588235294,4.94117647058824
beginning,2.0,0.625,1.375,0.875,3.0
blame,2.35294117647059,0.17647058823529402,0.529411764705882,0.41176470588235303,2.29411764705882
blanket,0.35294117647058804,0.17647058823529402,4.23529411764706,1.64705882352941,4.0
border,0.375,0.0625,1.875,0.25,3.6875
bore,1.8823529411764701,0.47058823529411803,0.647058823529412,0.41176470588235303,2.11764705882353
bother,1.8823529411764701,0.529411764705882,1.05882352941176,0.41176470588235303,2.58823529411765
business,1.82352941176471,0.29411764705882404,0.647058823529412,0.47058823529411803,3.52941176470588
call,4.4705882352941195,0.0588235294117647,1.0,0.17647058823529402,2.17647058823529
capacity,1.4375,0.5,2.8125,0.5,3.94117647058824
career,2.11764705882353,0.41176470588235303,0.8823529411764711,0.41176470588235303,3.11764705882353
cast,1.5882352941176499,0.17647058823529402,1.29411764705882,0.5882352941176471,3.58823529411765
center,0.7058823529411771,0.47058823529411803,2.29411764705882,0.35294117647058804,4.0
chain,2.125,0.1875,3.8125,0.46666666666666706,4.3125
chair,0.7058823529411771,0.0588235294117647,4.23529411764706,0.41176470588235303,4.64705882352941
city,4.0,1.05882352941176,1.52941176470588,2.58823529411765,4.70588235294118
closer,2.29411764705882,0.647058823529412,2.82352941176471,1.52941176470588,3.70588235294118
collection,1.35294117647059,0.29411764705882404,2.35294117647059,0.529411764705882,3.70588235294118
competition,2.58823529411765,0.47058823529411803,0.8823529411764711,0.8235294117647061,3.52941176470588
concept,2.35294117647059,1.0,1.1176470588235299,0.8823529411764711,2.7647058823529402
consequence,2.70588235294118,0.8823529411764711,1.47058823529412,0.7058823529411771,3.58823529411765
contact,2.52941176470588,1.05882352941176,3.52941176470588,1.1176470588235299,3.41176470588235
cope,1.1176470588235299,0.17647058823529402,0.8235294117647061,0.35294117647058804,2.05882352941176
core,0.8235294117647061,0.7058823529411771,1.82352941176471,0.47058823529411803,2.7647058823529402
cost,1.5882352941176499,0.41176470588235303,0.8823529411764711,0.35294117647058804,3.2352941176470598
cup,1.17647058823529,1.23529411764706,3.94117647058824,1.05882352941176,4.23529411764706
cut,1.17647058823529,0.35294117647058804,3.52941176470588,0.529411764705882,3.70588235294118
dance,2.17647058823529,0.0,2.17647058823529,0.23529411764705901,4.64705882352941
deal,2.0,0.29411764705882404,1.0,0.41176470588235303,2.41176470588235
deck,1.0,0.11764705882352901,2.0,0.41176470588235303,3.41176470588235
democracy,2.29411764705882,0.0,0.17647058823529402,0.0588235294117647,2.82352941176471
department,1.5882352941176499,0.17647058823529402,0.47058823529411803,0.8823529411764711,3.58823529411765
development,2.11764705882353,1.29411764705882,1.64705882352941,1.1176470588235299,3.7647058823529402
direction,2.29411764705882,0.29411764705882404,1.41176470588235,0.764705882352941,4.05882352941176
dispute,3.2352941176470598,0.11764705882352901,0.8235294117647061,0.17647058823529402,3.58823529411765
distinction,2.17647058823529,1.47058823529412,1.94117647058824,1.52941176470588,2.94117647058824
dive,2.0,0.17647058823529402,1.76470588235294,0.41176470588235303,3.88235294117647
doctor,3.0,0.7058823529411771,1.64705882352941,1.29411764705882,4.4705882352941195
drama,3.2352941176470598,0.23529411764705901,0.9411764705882351,0.41176470588235303,3.94117647058824
dream,2.17647058823529,0.529411764705882,0.8235294117647061,0.764705882352941,3.17647058823529
duty,1.5882352941176499,0.17647058823529402,0.47058823529411803,0.35294117647058804,2.41176470588235
economy,1.8823529411764701,0.0588235294117647,0.47058823529411803,0.125,2.11764705882353
edge,0.529411764705882,0.17647058823529402,3.58823529411765,0.11764705882352901,3.94117647058824
education,3.70588235294118,0.529411764705882,1.05882352941176,0.5882352941176471,3.94117647058824
emotion,2.88235294117647,0.9411764705882351,2.41176470588235,0.764705882352941,3.64705882352941
enthusiasm,3.29411764705882,0.529411764705882,1.29411764705882,0.529411764705882,3.70588235294118
entrance,1.0,0.17647058823529402,1.8823529411764701,0.647058823529412,4.35294117647059
equipment,1.52941176470588,0.41176470588235303,3.35294117647059,0.8823529411764711,4.23529411764706
estimate,1.5882352941176499,0.8235294117647061,1.5882352941176499,0.7058823529411771,2.70588235294118
exchange,1.8823529411764701,0.529411764705882,1.76470588235294,0.647058823529412,3.17647058823529
excitement,3.52941176470588,1.17647058823529,2.17647058823529,1.29411764705882,3.94117647058824
expansion,1.70588235294118,0.47058823529411803,2.8125,0.41176470588235303,3.94117647058824
extreme,2.2352941176470598,1.5882352941176499,1.94117647058824,1.82352941176471,3.41176470588235
eye,0.0588235294117647,0.0,2.2352941176470598,0.0,4.76470588235294
fact,3.35294117647059,0.647058823529412,1.17647058823529,1.05882352941176,3.35294117647059
factory,3.17647058823529,0.5882352941176471,1.47058823529412,3.05882352941176,4.58823529411765
failure,2.41176470588235,0.9411764705882351,1.29411764705882,0.7058823529411771,3.47058823529412
faint,1.05882352941176,0.41176470588235303,2.05882352941176,0.29411764705882404,3.0
fear,2.17647058823529,0.7058823529411771,1.8823529411764701,0.8235294117647061,3.47058823529412
feel,1.23529411764706,1.125,4.76470588235294,0.764705882352941,1.94117647058824
file,0.764705882352941,0.11764705882352901,2.41176470588235,0.23529411764705901,4.05882352941176
finance,1.17647058823529,0.23529411764705901,1.17647058823529,0.17647058823529402,2.94117647058824
find,1.76470588235294,0.647058823529412,3.11764705882353,1.64705882352941,3.94117647058824
finish,2.2352941176470598,0.7058823529411771,1.0,0.7058823529411771,3.35294117647059
food,1.47058823529412,4.88235294117647,3.41176470588235,4.5294117647058805,4.29411764705882
form,0.8823529411764711,0.41176470588235303,2.0,0.47058823529411803,3.2352941176470598
formation,0.8823529411764711,0.47058823529411803,1.5882352941176499,0.35294117647058804,3.7647058823529402
friend,4.11764705882353,0.35294117647058804,3.05882352941176,2.05882352941176,4.76470588235294
function,2.0,0.7058823529411771,1.52941176470588,0.7058823529411771,3.11764705882353
gesture,0.8235294117647061,0.0588235294117647,1.94117647058824,0.11764705882352901,4.5294117647058805
glass,2.05882352941176,0.35294117647058804,3.82352941176471,0.23529411764705901,4.4705882352941195
grade,1.05882352941176,0.0588235294117647,0.41176470588235303,0.11764705882352901,2.7647058823529402
grass,0.647058823529412,0.35294117647058804,3.70588235294118,3.05882352941176,4.70588235294118
guilt,1.29411764705882,0.29411764705882404,1.0,0.35294117647058804,2.2352941176470598
hat,0.35294117647058804,0.0,3.29411764705882,0.647058823529412,4.58823529411765
health,1.5882352941176499,0.647058823529412,2.3125,1.1875,3.64705882352941
heaven,1.76470588235294,0.5882352941176471,0.8823529411764711,0.8235294117647061,1.52941176470588
hide,1.05882352941176,0.17647058823529402,1.29411764705882,0.41176470588235303,3.29411764705882
hole,0.41176470588235303,0.0588235294117647,2.58823529411765,0.47058823529411803,4.23529411764706
honey,0.647058823529412,4.76470588235294,2.82352941176471,3.7647058823529402,4.11764705882353
hour,1.41176470588235,0.0588235294117647,0.23529411764705901,0.11764705882352901,2.7647058823529402
impression,2.58823529411765,0.9411764705882351,1.0,1.29411764705882,3.70588235294118
inch,0.17647058823529402,0.0588235294117647,2.29411764705882,0.0588235294117647,4.0
incident,3.11764705882353,0.47058823529411803,1.41176470588235,1.35294117647059,4.17647058823529
income,1.1176470588235299,0.47058823529411803,0.8823529411764711,0.11764705882352901,3.0
increase,2.29411764705882,1.1176470588235299,2.2352941176470598,1.29411764705882,3.7647058823529402
independence,2.11764705882353,0.29411764705882404,0.9411764705882351,0.29411764705882404,3.29411764705882
influence,1.94117647058824,0.35294117647058804,0.8823529411764711,0.35294117647058804,2.58823529411765
instance,0.8823529411764711,0.17647058823529402,0.529411764705882,0.529411764705882,1.64705882352941
interior,0.7058823529411771,0.23529411764705901,3.0,1.35294117647059,4.58823529411765
junior,2.05882352941176,0.23529411764705901,1.17647058823529,0.764705882352941,2.94117647058824
kind,2.5,0.25,1.9375,0.375,2.8125
left,1.23529411764706,0.17647058823529402,1.76470588235294,0.17647058823529402,3.41176470588235
life,3.82352941176471,2.94117647058824,3.41176470588235,3.2352941176470598,4.35294117647059
load,0.8235294117647061,0.47058823529411803,2.0,0.5882352941176471,2.94117647058824
look,0.529411764705882,0.17647058823529402,0.9411764705882351,0.35294117647058804,4.76470588235294
loop,1.05882352941176,0.23529411764705901,2.7647058823529402,0.23529411764705901,3.70588235294118
machine,3.7647058823529402,0.23529411764705901,2.88235294117647,1.52941176470588,4.23529411764706
management,2.82352941176471,0.11764705882352901,0.35294117647058804,0.35294117647058804,3.52941176470588
march,2.35294117647059,0.23529411764705901,0.529411764705882,0.529411764705882,3.05882352941176
master,2.7647058823529402,0.29411764705882404,0.7058823529411771,0.41176470588235303,3.4375
mate,3.05882352941176,0.41176470588235303,2.82352941176471,1.52941176470588,4.4705882352941195
matter,1.5,1.13333333333333,2.125,1.4375,2.625
method,2.17647058823529,0.23529411764705901,0.8235294117647061,0.29411764705882404,3.05882352941176
minute,1.76470588235294,0.0588235294117647,0.23529411764705901,0.17647058823529402,2.7647058823529402
miss,1.82352941176471,0.41176470588235303,1.64705882352941,0.529411764705882,2.88235294117647
missile,3.58823529411765,0.0588235294117647,1.23529411764706,0.764705882352941,4.0
money,1.47058823529412,0.35294117647058804,3.70588235294118,1.17647058823529,4.82352941176471
mouth,2.2352941176470598,3.29411764705882,3.11764705882353,1.23529411764706,3.52941176470588
muscle,0.5882352941176471,0.35294117647058804,4.05882352941176,0.35294117647058804,4.0
night,1.64705882352941,0.11764705882352901,0.47058823529411803,0.47058823529411803,4.76470588235294
orderly,1.46666666666667,0.133333333333333,1.0,0.14285714285714302,3.06666666666667
past,2.29411764705882,0.647058823529412,0.5882352941176471,0.8235294117647061,2.17647058823529
permission,2.7647058823529402,0.23529411764705901,0.647058823529412,0.29411764705882404,2.11764705882353
personnel,1.70588235294118,0.11764705882352901,0.8823529411764711,0.41176470588235303,2.94117647058824
phone,4.35294117647059,0.0,3.0,0.0588235294117647,4.23529411764706
picture,0.23529411764705901,0.11764705882352901,1.52941176470588,0.23529411764705901,4.76470588235294
plug,0.8235294117647061,0.11764705882352901,3.2352941176470598,0.23529411764705901,4.41176470588235
portion,0.647058823529412,1.76470588235294,2.41176470588235,1.41176470588235,4.0
pound,1.23529411764706,0.41176470588235303,3.64705882352941,0.41176470588235303,4.35294117647059
powder,0.8125,2.375,3.75,2.75,4.0625
preparation,1.8125,0.9375,1.625,1.625,3.0625
primary,1.17647058823529,0.41176470588235303,0.47058823529411803,0.529411764705882,2.35294117647059
prize,1.64705882352941,0.764705882352941,2.64705882352941,0.764705882352941,4.0
production,1.52941176470588,1.17647058823529,1.52941176470588,1.23529411764706,3.2352941176470598
property,0.764705882352941,0.47058823529411803,1.8823529411764701,0.9411764705882351,4.05882352941176
proportion,1.41176470588235,1.0,2.35294117647059,0.764705882352941,3.7647058823529402
quality,3.05882352941176,3.41176470588235,4.05882352941176,3.11764705882353,4.29411764705882
reflection,0.23529411764705901,0.0,0.47058823529411803,0.17647058823529402,4.64705882352941
refrigerator,1.8823529411764701,1.23529411764706,2.47058823529412,2.29411764705882,4.41176470588235
relation,2.05882352941176,0.29411764705882404,1.41176470588235,0.8823529411764711,3.41176470588235
republic,0.533333333333333,0.0666666666666667,0.266666666666667,0.0666666666666667,1.78571428571429
rise,1.52941176470588,0.29411764705882404,2.47058823529412,0.529411764705882,4.11764705882353
role,1.8823529411764701,0.0588235294117647,0.47058823529411803,0.23529411764705901,2.58823529411765
roof,0.529411764705882,0.0588235294117647,1.94117647058824,0.17647058823529402,4.4705882352941195
route,1.1176470588235299,0.25,1.35294117647059,0.5,3.82352941176471
rush,2.35294117647059,0.41176470588235303,1.64705882352941,0.5882352941176471,3.7647058823529402
sauce,1.05882352941176,4.76470588235294,1.41176470588235,3.70588235294118,3.58823529411765
school,3.17647058823529,0.529411764705882,1.35294117647059,1.35294117647059,4.4705882352941195
second,1.23529411764706,0.17647058823529402,0.529411764705882,0.23529411764705901,2.11764705882353
seed,0.647058823529412,2.47058823529412,2.94117647058824,1.17647058823529,4.11764705882353
sergeant,2.82352941176471,0.0588235294117647,0.47058823529411803,0.23529411764705901,3.88235294117647
shell,1.29411764705882,0.7058823529411771,3.64705882352941,1.17647058823529,4.11764705882353
site,1.5,0.1875,0.625,0.625,3.75
slavery,2.52941176470588,0.41176470588235303,0.41176470588235303,0.647058823529412,3.52941176470588
soap,0.35294117647058804,1.29411764705882,4.11764705882353,4.0,4.05882352941176
socialist,2.5625,0.0625,0.375,0.125,2.5
solution,1.82352941176471,0.35294117647058804,0.764705882352941,0.47058823529411803,2.64705882352941
spirit,1.52941176470588,0.23529411764705901,0.764705882352941,0.529411764705882,2.0
statement,2.52941176470588,0.17647058823529402,0.647058823529412,0.17647058823529402,2.70588235294118
stay,1.52941176470588,0.23529411764705901,1.47058823529412,0.41176470588235303,2.58823529411765
stop,2.64705882352941,0.7058823529411771,1.76470588235294,0.647058823529412,3.94117647058824
stranger,2.70588235294118,0.35294117647058804,1.35294117647059,1.35294117647059,4.35294117647059
strength,1.41176470588235,0.41176470588235303,3.17647058823529,0.47058823529411803,3.7647058823529402
student,3.375,0.1875,1.5,1.1875,4.4375
substitute,1.52941176470588,1.1176470588235299,1.23529411764706,0.9411764705882351,3.47058823529412
symbol,0.9411764705882351,0.47058823529411803,1.29411764705882,0.529411764705882,4.0
talent,3.70588235294118,1.29411764705882,1.47058823529412,1.23529411764706,4.5294117647058805
tendency,0.9375,0.125,0.5,0.25,1.875
text,1.70588235294118,0.0588235294117647,1.0,0.17647058823529402,4.64705882352941
theme,2.05882352941176,0.647058823529412,0.9411764705882351,0.8823529411764711,3.41176470588235
theory,2.47058823529412,0.23529411764705901,0.41176470588235303,0.23529411764705901,2.47058823529412
thick,1.0,2.05882352941176,4.11764705882353,0.647058823529412,4.23529411764706
three,1.70588235294118,0.35294117647058804,2.52941176470588,0.41176470588235303,3.70588235294118
title,1.94117647058824,0.0588235294117647,0.23529411764705901,0.11764705882352901,3.29411764705882
tool,1.94117647058824,0.23529411764705901,3.4375,0.7058823529411771,4.0
track,1.52941176470588,0.0588235294117647,1.29411764705882,0.647058823529412,3.5
tractor,3.88235294117647,0.23529411764705901,1.70588235294118,1.64705882352941,4.5294117647058805
trend,1.70588235294118,0.647058823529412,1.1176470588235299,0.5882352941176471,3.88235294117647
trim,0.8823529411764711,0.17647058823529402,2.52941176470588,0.29411764705882404,3.64705882352941
vacuum,3.29411764705882,0.11764705882352901,1.41176470588235,1.1176470588235299,3.41176470588235
variety,3.29411764705882,3.2352941176470598,3.29411764705882,3.05882352941176,4.41176470588235
vice,1.14285714285714,0.5714285714285711,1.5,0.35714285714285704,2.71428571428571
view,0.7058823529411771,0.23529411764705901,0.47058823529411803,0.647058823529412,4.5294117647058805
voluntary,1.125,0.125,0.5,0.3125,2.875
wait,1.29411764705882,0.17647058823529402,0.7058823529411771,0.35294117647058804,2.2352941176470598
want,2.0,1.76470588235294,1.94117647058824,1.64705882352941,2.88235294117647
waste,1.1176470588235299,0.764705882352941,1.47058823529412,3.52941176470588,4.11764705882353
welfare,1.82352941176471,0.35294117647058804,1.23529411764706,0.8823529411764711,2.88235294117647
west,0.764705882352941,0.11764705882352901,0.41176470588235303,0.23529411764705901,2.70588235294118
wheel,1.5882352941176499,0.29411764705882404,2.47058823529412,0.47058823529411803,4.5294117647058805
win,3.0,0.47058823529411803,1.0,0.5882352941176471,3.82352941176471
window,0.8235294117647061,0.29411764705882404,2.7647058823529402,0.47058823529411803,4.70588235294118
worker,2.52941176470588,0.11764705882352901,1.35294117647059,1.1176470588235299,4.23529411764706
wrong,2.64705882352941,1.17647058823529,1.23529411764706,1.0,2.7647058823529402
admission,1.8125,0.0,0.875,0.4375,3.4375
advice,4.88235294117647,0.0,0.0,0.0,2.05882352941176
amateur,2.88235294117647,0.41176470588235303,0.5882352941176471,0.29411764705882404,3.58823529411765
anger,3.70588235294118,0.11764705882352901,1.41176470588235,0.35294117647058804,4.11764705882353
answer,4.0,0.0,0.41176470588235303,0.0,2.88235294117647
area,1.0,0.11764705882352901,2.05882352941176,0.5882352941176471,4.0
aspect,1.875,0.5,0.8,1.0,2.375
atom,1.0,0.625,0.9411764705882351,0.5,1.375
attempt,1.64705882352941,0.17647058823529402,1.35294117647059,0.11764705882352901,2.52941176470588
aunt,3.7647058823529402,0.11764705882352901,2.7647058823529402,2.3125,4.41176470588235
background,1.82352941176471,0.11764705882352901,0.529411764705882,0.41176470588235303,3.47058823529412
band,4.58823529411765,0.0,1.0,0.41176470588235303,4.05882352941176
base,1.1875,0.25,2.25,0.0625,3.3125
bath,2.64705882352941,0.29411764705882404,4.5294117647058805,2.58823529411765,4.0
belt,1.0,0.0,4.23529411764706,1.23529411764706,4.41176470588235
body,3.2352941176470598,1.47058823529412,4.41176470588235,3.35294117647059,4.76470588235294
bone,1.5882352941176499,1.29411764705882,4.05882352941176,1.0,3.41176470588235
boss,3.7647058823529402,0.0,1.29411764705882,0.8823529411764711,4.29411764705882
break,2.875,1.125,2.5,0.5,3.0625
breath,2.17647058823529,2.17647058823529,1.70588235294118,3.0,1.70588235294118
brief,2.25,0.25,0.75,0.5625,2.125
builder,3.7647058823529402,0.17647058823529402,1.23529411764706,1.35294117647059,4.29411764705882
bullet,2.94117647058824,0.11764705882352901,2.88235294117647,1.05882352941176,3.52941176470588
camp,2.52941176470588,0.5882352941176471,2.41176470588235,1.64705882352941,3.88235294117647
cash,1.8823529411764701,0.23529411764705901,4.0,1.47058823529412,4.4705882352941195
cause,2.4375,0.375,0.9375,0.375,2.875
cellar,1.375,0.125,2.6875,2.8125,4.125
century,1.70588235294118,0.0588235294117647,0.11764705882352901,0.17647058823529402,2.17647058823529
chart,0.529411764705882,0.0,0.764705882352941,0.0588235294117647,3.7647058823529402
claim,2.7647058823529402,0.0,0.5882352941176471,0.0,2.17647058823529
close,1.94117647058824,0.23529411764705901,2.94117647058824,1.35294117647059,3.94117647058824
comedy,4.70588235294118,0.0,0.764705882352941,0.0588235294117647,3.70588235294118
condition,2.64705882352941,0.8823529411764711,2.70588235294118,1.5882352941176499,3.58823529411765
confidence,3.0,0.35294117647058804,1.41176470588235,0.47058823529411803,3.94117647058824
construction,2.94117647058824,0.11764705882352901,2.05882352941176,0.8823529411764711,4.0
content,2.11764705882353,1.47058823529412,3.0,1.41176470588235,3.7647058823529402
contract,2.58823529411765,0.11764705882352901,1.52941176470588,0.11764705882352901,3.94117647058824
cotton,0.41176470588235303,0.11764705882352901,4.4705882352941195,0.8823529411764711,4.05882352941176
council,2.70588235294118,0.0,0.47058823529411803,0.29411764705882404,2.88235294117647
cousin,4.05882352941176,0.0,2.88235294117647,1.70588235294118,4.5294117647058805
craft,1.8823529411764701,0.41176470588235303,3.2352941176470598,0.7058823529411771,3.70588235294118
crime,3.58823529411765,0.11764705882352901,1.17647058823529,0.11764705882352901,4.23529411764706
crisis,3.82352941176471,0.0,1.41176470588235,0.8823529411764711,4.17647058823529
cure,1.05882352941176,0.764705882352941,1.94117647058824,0.625,2.94117647058824
curiosity,2.82352941176471,1.0,1.8823529411764701,1.17647058823529,3.2352941176470598
curve,0.11764705882352901,0.0,3.94117647058824,0.0,4.29411764705882
customer,3.625,0.0,1.82352941176471,1.35294117647059,4.0
death,2.47058823529412,0.11764705882352901,1.70588235294118,1.64705882352941,3.64705882352941
defeat,2.58823529411765,0.0588235294117647,1.0,0.29411764705882404,3.41176470588235
delight,3.35294117647059,1.82352941176471,1.94117647058824,1.47058823529412,3.41176470588235
depression,2.7647058823529402,0.0,0.8823529411764711,0.17647058823529402,2.94117647058824
desk,1.35294117647059,0.0,3.94117647058824,0.529411764705882,4.41176470588235
device,2.58823529411765,0.0625,3.47058823529412,0.41176470588235303,4.17647058823529
die,2.11764705882353,0.47058823529411803,1.29411764705882,1.1176470588235299,3.2352941176470598
disease,2.47058823529412,0.8823529411764711,2.2352941176470598,1.82352941176471,3.41176470588235
distance,2.3125,0.0625,1.9375,0.375,4.82352941176471
down,1.1875,0.0,1.5,0.0625,3.1875
dust,0.0,0.7058823529411771,2.7647058823529402,1.29411764705882,4.17647058823529
ease,1.875,0.0,1.6875,0.0625,2.5
east,0.75,0.125,0.375,0.1875,2.8125
effect,2.64705882352941,1.29411764705882,1.82352941176471,1.17647058823529,3.11764705882353
effort,2.11764705882353,0.125,0.9375,0.5,3.17647058823529
emergency,3.7647058823529402,0.0588235294117647,1.64705882352941,1.0,4.0
engagement,2.58823529411765,0.0588235294117647,1.76470588235294,0.0588235294117647,3.2352941176470598
estate,1.52941176470588,0.0588235294117647,1.17647058823529,0.8823529411764711,4.17647058823529
factor,1.3125,0.375,0.3125,0.0625,1.875
fair,1.5625,0.0625,1.05882352941176,0.25,2.875
farm,3.3125,0.5,2.75,3.9375,4.23529411764706
feet,2.0625,0.1875,3.5,3.125,4.5
fell,2.52941176470588,0.0,3.11764705882353,0.23529411764705901,3.70588235294118
felt,0.7058823529411771,0.25,4.23529411764706,0.47058823529411803,2.82352941176471
fence,0.375,0.0,3.7647058823529402,0.125,4.70588235294118
fine,1.70588235294118,0.529411764705882,2.0,0.35294117647058804,3.82352941176471
firm,1.17647058823529,0.9411764705882351,4.05882352941176,0.11764705882352901,3.11764705882353
fog,0.17647058823529402,0.11764705882352901,1.1176470588235299,0.8235294117647061,4.76470588235294
foot,1.29411764705882,0.0588235294117647,3.94117647058824,2.82352941176471,4.41176470588235
fortune,2.2352941176470598,0.11764705882352901,1.0,0.17647058823529402,2.88235294117647
giant,2.29411764705882,0.0,2.41176470588235,0.647058823529412,4.11764705882353
god,1.82352941176471,0.41176470588235303,0.41176470588235303,0.41176470588235303,1.17647058823529
grace,2.5,0.125,0.8125,0.375,3.125
gun,4.05882352941176,0.35294117647058804,3.11764705882353,1.29411764705882,4.17647058823529
harm,2.88235294117647,0.35294117647058804,2.7647058823529402,0.47058823529411803,3.64705882352941
harmony,4.41176470588235,0.8235294117647061,1.41176470588235,0.8823529411764711,2.94117647058824
hate,3.05882352941176,0.529411764705882,1.05882352941176,0.5882352941176471,2.94117647058824
hell,2.47058823529412,0.23529411764705901,1.05882352941176,0.7058823529411771,1.23529411764706
help,3.7647058823529402,0.0,2.41176470588235,0.29411764705882404,3.64705882352941
hen,3.52941176470588,1.1176470588235299,2.35294117647059,1.47058823529412,3.82352941176471
hold,0.29411764705882404,0.11764705882352901,4.35294117647059,0.35294117647058804,3.05882352941176
household,3.05882352941176,1.05882352941176,2.82352941176471,2.58823529411765,4.05882352941176
hurt,2.47058823529412,0.41176470588235303,3.11764705882353,0.35294117647058804,3.52941176470588
ideal,2.70588235294118,1.5882352941176499,1.17647058823529,1.29411764705882,2.94117647058824
imagination,2.8125,1.05882352941176,1.0,1.05882352941176,3.11764705882353
information,4.5294117647058805,1.0,1.8823529411764701,1.25,4.29411764705882
intention,2.9375,0.0,0.5,0.0,2.9375
invention,2.7647058823529402,0.875,2.125,1.375,3.6875
investigation,2.7647058823529402,0.17647058823529402,1.23529411764706,0.5882352941176471,3.64705882352941
item,2.75,2.6875,4.0625,2.9375,4.05882352941176
job,3.0,0.35294117647058804,1.70588235294118,1.05882352941176,3.58823529411765
kid,4.0625,0.0,2.0,1.1875,4.41176470588235
kingdom,2.0625,0.3125,1.25,0.6875,3.3125
knowledge,3.7647058823529402,0.35294117647058804,0.47058823529411803,0.35294117647058804,2.52941176470588
lady,3.94117647058824,0.5882352941176471,3.47058823529412,2.47058823529412,4.70588235294118
landscape,1.29411764705882,0.0,1.35294117647059,1.23529411764706,4.70588235294118
laughter,4.88235294117647,0.0,0.9411764705882351,0.0,4.11764705882353
lead,1.75,0.5625,2.5625,0.75,3.64705882352941
leg,0.647058823529412,0.47058823529411803,4.64705882352941,0.29411764705882404,4.70588235294118
level,1.5882352941176499,0.35294117647058804,1.625,0.17647058823529402,3.2352941176470598
liberty,2.29411764705882,0.11764705882352901,0.7058823529411771,0.17647058823529402,2.70588235294118
library,2.94117647058824,0.529411764705882,2.64705882352941,1.41176470588235,4.5294117647058805
lift,2.58823529411765,0.0,3.52941176470588,0.47058823529411803,4.23529411764706
liquid,2.82352941176471,4.23529411764706,4.17647058823529,2.9375,4.58823529411765
magic,1.94117647058824,0.17647058823529402,0.8235294117647061,0.29411764705882404,3.7647058823529402
main,1.35294117647059,0.529411764705882,0.9411764705882351,0.3125,2.35294117647059
majority,2.94117647058824,0.0,0.8823529411764711,0.11764705882352901,4.0
mass,1.64705882352941,0.0588235294117647,3.47058823529412,0.35294117647058804,4.29411764705882
measure,1.35294117647059,1.05882352941176,3.0,0.7058823529411771,3.88235294117647
meeting,3.58823529411765,0.23529411764705901,1.35294117647059,0.41176470588235303,4.23529411764706
moment,2.625,0.4375,1.2,0.875,3.125
music,4.94117647058824,0.0,1.23529411764706,0.0588235294117647,2.2352941176470598
myth,4.05882352941176,0.0,0.25,0.0,1.23529411764706
nose,1.23529411764706,0.5882352941176471,3.7647058823529402,2.88235294117647,4.4705882352941195
note,2.17647058823529,0.0,2.7647058823529402,0.0,4.29411764705882
object,2.94117647058824,2.41176470588235,4.29411764705882,2.64705882352941,4.5294117647058805
opening,2.05882352941176,0.0588235294117647,3.41176470588235,0.35294117647058804,4.41176470588235
opportunity,3.58823529411765,0.41176470588235303,1.70588235294118,0.47058823529411803,4.23529411764706
opposition,3.05882352941176,0.0,1.35294117647059,0.41176470588235303,3.82352941176471
origin,2.05882352941176,0.35294117647058804,0.41176470588235303,0.647058823529412,2.47058823529412
owner,2.47058823529412,0.0,1.35294117647059,0.647058823529412,3.88235294117647
paint,0.47058823529411803,0.47058823529411803,2.82352941176471,3.88235294117647,4.58823529411765
pair,1.5882352941176499,0.17647058823529402,2.2352941176470598,0.0588235294117647,4.23529411764706
paper,1.5625,0.5625,4.0,1.5625,4.41176470588235
pat,2.11764705882353,0.11764705882352901,4.29411764705882,0.0588235294117647,3.05882352941176
philosophy,3.41176470588235,0.0,0.23529411764705901,0.0588235294117647,1.64705882352941
piece,1.125,1.6875,3.0,0.9375,3.9375
plan,3.64705882352941,0.1875,1.05882352941176,0.11764705882352901,3.41176470588235
plane,4.29411764705882,0.41176470588235303,2.52941176470588,0.9411764705882351,4.5294117647058805
platform,1.05882352941176,0.0,2.05882352941176,0.25,4.17647058823529
poet,3.7647058823529402,0.0,0.764705882352941,0.41176470588235303,3.05882352941176
poetry,4.35294117647059,0.0588235294117647,0.5882352941176471,0.11764705882352901,3.05882352941176
president,3.41176470588235,0.0,0.647058823529412,0.35294117647058804,3.7647058823529402
pressure,2.7647058823529402,0.0588235294117647,2.70588235294118,0.0588235294117647,3.29411764705882
pride,2.88235294117647,0.0588235294117647,0.7058823529411771,0.11764705882352901,3.2352941176470598
prince,3.0,0.0,1.0,0.529411764705882,3.7647058823529402
problem,3.52941176470588,0.29411764705882404,1.375,0.5882352941176471,3.41176470588235
promotion,3.41176470588235,0.23529411764705901,0.8823529411764711,0.23529411764705901,3.0
proof,3.35294117647059,1.1176470588235299,2.05882352941176,1.35294117647059,3.88235294117647
provision,0.9375,0.75,1.0,0.5,2.35294117647059
public,3.82352941176471,0.0,2.05882352941176,1.1176470588235299,4.4705882352941195
pupil,2.0,0.0588235294117647,1.29411764705882,0.647058823529412,3.52941176470588
purpose,2.5625,0.0666666666666667,1.0625,0.25,2.4375
quantity,2.0,0.41176470588235303,3.0,0.35294117647058804,4.41176470588235
quarrel,4.64705882352941,0.0,0.7058823529411771,0.0,3.94117647058824
question,4.70588235294118,0.0,0.11764705882352901,0.0,2.70588235294118
quick,2.29411764705882,0.0588235294117647,1.70588235294118,0.23529411764705901,3.88235294117647
race,2.58823529411765,0.0588235294117647,1.64705882352941,0.23529411764705901,4.58823529411765
recall,2.94117647058824,1.5625,1.76470588235294,2.0,3.11764705882353
recognition,3.9375,1.9375,2.625,2.5,4.23529411764706
reduction,2.05882352941176,0.764705882352941,1.76470588235294,0.647058823529412,3.52941176470588
rent,1.76470588235294,0.0,1.17647058823529,0.0,2.94117647058824
requirement,2.625,0.75,0.8125,0.6000000000000001,3.3125
resistance,2.3125,0.125,2.8125,0.3125,3.625
rifle,4.125,0.125,3.25,1.375,4.0
rock,1.64705882352941,0.0588235294117647,4.17647058823529,0.29411764705882404,4.35294117647059
safety,2.11764705882353,0.0588235294117647,2.58823529411765,0.29411764705882404,3.52941176470588
satisfaction,3.17647058823529,2.29411764705882,2.58823529411765,1.64705882352941,3.70588235294118
sea,4.05882352941176,2.88235294117647,3.70588235294118,3.41176470588235,4.76470588235294
selection,2.3125,1.1875,1.75,1.5625,2.9375
shirt,0.17647058823529402,0.0,4.23529411764706,1.8823529411764701,4.4705882352941195
shock,3.88235294117647,0.529411764705882,2.2352941176470598,0.35294117647058804,4.23529411764706
sight,0.47058823529411803,0.11764705882352901,0.41176470588235303,0.11764705882352901,5.0
sister,3.625,0.17647058823529402,2.52941176470588,2.17647058823529,3.52941176470588
situation,3.17647058823529,0.647058823529412,2.05882352941176,1.29411764705882,3.94117647058824
skirt,0.7058823529411771,0.0,3.7647058823529402,0.529411764705882,4.88235294117647
sound,5.0,0.0,0.5882352941176471,0.0625,0.764705882352941
spite,2.875,0.0,0.375,0.0,2.3125
strain,2.11764705882353,0.23529411764705901,3.2352941176470598,0.529411764705882,3.0
success,3.11764705882353,0.647058823529412,1.47058823529412,0.23529411764705901,3.70588235294118
supper,1.70588235294118,4.88235294117647,2.7647058823529402,4.05882352941176,4.35294117647059
supply,1.125,0.35294117647058804,1.41176470588235,0.647058823529412,3.0
suspicion,2.70588235294118,0.17647058823529402,1.1176470588235299,0.35294117647058804,3.17647058823529
taste,0.23529411764705901,5.0,1.64705882352941,2.35294117647059,1.25
tax,1.41176470588235,0.0,0.8823529411764711,0.0,3.52941176470588
team,3.8125,0.0625,1.9375,0.75,4.1875
throw,1.47058823529412,0.0,3.17647058823529,0.0,4.17647058823529
treat,1.5882352941176499,3.47058823529412,2.70588235294118,1.8823529411764701,3.11764705882353
trial,2.41176470588235,0.35294117647058804,0.7058823529411771,0.29411764705882404,2.88235294117647
trust,3.35294117647059,0.11764705882352901,1.5882352941176499,0.0588235294117647,3.29411764705882
turn,1.94117647058824,0.0,1.82352941176471,0.17647058823529402,3.88235294117647
type,2.41176470588235,1.64705882352941,2.70588235294118,1.5882352941176499,3.29411764705882
under,1.1875,0.0,2.70588235294118,0.11764705882352901,4.23529411764706
unit,1.5,0.375,1.86666666666667,0.375,3.0625
value,2.70588235294118,0.647058823529412,1.8823529411764701,0.529411764705882,3.41176470588235
volume,4.35294117647059,0.23529411764705901,1.1176470588235299,0.17647058823529402,1.64705882352941
vote,2.35294117647059,0.0,1.70588235294118,0.0,3.17647058823529
wage,0.3125,0.0,2.70588235294118,0.11764705882352901,3.58823529411765
weather,3.17647058823529,0.23529411764705901,3.0,1.76470588235294,4.76470588235294
welcome,3.94117647058824,0.5625,2.125,0.5625,3.94117647058824
work,2.47058823529412,0.6875,2.29411764705882,0.8823529411764711,3.58823529411765
writing,1.05882352941176,0.0,2.0,0.0625,4.58823529411765
zero,1.3125,0.0625,0.5625,0.1875,2.75
abrasive,1.68421052631579,0.578947368421053,3.68421052631579,0.578947368421053,2.89473684210526
absorbent,0.714285714285714,0.476190476190476,3.14285714285714,0.476190476190476,4.14285714285714
aching,0.666666666666667,0.0476190476190476,3.66666666666667,0.0952380952380952,2.04761904761905
acidic,0.476190476190476,4.19047619047619,1.14285714285714,2.9047619047619,2.19047619047619
acrid,0.375,3.0,0.625,3.5,1.125
adhesive,1.19047619047619,0.904761904761905,4.33333333333333,1.76190476190476,3.66666666666667
alcoholic,0.75,4.35,0.35,4.3,2.85
alive,4.09523809523809,1.57142857142857,3.80952380952381,2.38095238095238,4.57142857142857
amber,0.142857142857143,0.571428571428571,0.523809523809524,0.857142857142857,4.47619047619048
angular,0.25,0.0476190476190476,4.09523809523809,0.0476190476190476,4.28571428571429
antiseptic,0.142857142857143,1.76190476190476,0.9,3.95238095238095,1.66666666666667
aromatic,0.285714285714286,3.38095238095238,0.333333333333333,4.52380952380952,1.3
astringent,0.375,1.75,0.5,1.25,1.625
audible,4.95238095238095,0.0476190476190476,0.285714285714286,0.0476190476190476,1.14285714285714
banging,4.52380952380952,0.0,1.33333333333333,0.0476190476190476,3.04761904761905
barbecued,1.57142857142857,4.95238095238095,1.38095238095238,4.66666666666667,4.61904761904762
barking,5.0,0.142857142857143,0.476190476190476,0.523809523809524,3.38095238095238
beautiful,2.9047619047619,2.80952380952381,2.76190476190476,2.80952380952381,4.61904761904762
beeping,4.85714285714286,0.0,0.142857142857143,0.0476190476190476,1.42857142857143
beery,0.631578947368421,4.26315789473684,0.894736842105263,3.52631578947368,3.15789473684211
beige,0.0952380952380952,0.0476190476190476,0.0952380952380952,0.0952380952380952,4.47619047619048
bent,0.0,0.0476190476190476,4.09523809523809,0.0,4.61904761904762
big,1.71428571428571,0.857142857142857,4.38095238095238,0.428571428571429,4.85714285714286
biscuity,0.904761904761905,4.95238095238095,2.23809523809524,3.0,3.47619047619048
bitter,0.19047619047619,4.90476190476191,0.0952380952380952,2.9047619047619,0.857142857142857
black,0.142857142857143,0.0952380952380952,0.0952380952380952,0.142857142857143,4.57142857142857
bland,0.80952380952381,4.80952380952381,0.428571428571429,3.61904761904762,2.0952380952381
blaring,4.5,0.2,0.45,0.2,1.3
bleeping,4.95238095238095,0.0952380952380952,0.19047619047619,0.142857142857143,1.66666666666667
blonde,0.19047619047619,0.0476190476190476,0.0476190476190476,0.142857142857143,4.80952380952381
bloody,0.7,1.28571428571429,1.85714285714286,1.14285714285714,4.71428571428571
blotchy,0.428571428571429,0.380952380952381,1.66666666666667,0.238095238095238,4.61904761904762
blue,0.761904761904762,0.0,0.238095238095238,0.19047619047619,4.76190476190476
blunt,0.904761904761905,0.25,4.71428571428571,0.19047619047619,4.57142857142857
boiling,2.76190476190476,2.0952380952381,4.04761904761905,1.0,4.42857142857143
booming,4.57142857142857,0.0952380952380952,0.952380952380952,0.0952380952380952,2.0952380952381
bouncy,2.0,0.0,3.66666666666667,0.0,3.57142857142857
brackish,1.5,1.5,3.0,2.0,2.0
branching,1.2,0.05,2.45,0.1,4.1
breakable,2.0952380952381,0.0952380952380952,4.23809523809524,0.0952380952380952,4.28571428571429
breezy,2.95238095238095,0.0476190476190476,2.76190476190476,0.571428571428571,3.0
bright,0.142857142857143,0.0476190476190476,0.19047619047619,0.0952380952380952,5.0
brilliant,3.0,2.52380952380952,2.19047619047619,2.0952380952381,3.95238095238095
briny,0.846153846153846,3.23076923076923,1.53846153846154,2.15384615384615,2.15384615384615
bristly,1.95,1.05,4.65,0.2,4.3
brittle,1.52380952380952,0.380952380952381,3.95238095238095,0.0476190476190476,3.42857142857143
broad,0.952380952380952,0.19047619047619,3.0952380952381,0.285714285714286,4.04761904761905
broken,3.19047619047619,0.476190476190476,4.33333333333333,0.476190476190476,4.85714285714286
bronze,0.142857142857143,0.285714285714286,0.80952380952381,0.619047619047619,4.33333333333333
brown,0.0952380952380952,0.333333333333333,0.19047619047619,0.238095238095238,4.71428571428571
brunette,0.1,0.0,0.0,0.0,4.8
bulky,0.571428571428571,0.333333333333333,3.76190476190476,0.0952380952380952,4.42857142857143
bumpy,1.23809523809524,0.65,4.47619047619048,0.0476190476190476,4.09523809523809
burning,1.71428571428571,2.52380952380952,3.61904761904762,4.42857142857143,4.04761904761905
burnt,0.476190476190476,4.04761904761905,2.38095238095238,4.57142857142857,4.19047619047619
bursting,2.76190476190476,1.19047619047619,3.23809523809524,1.0,4.23809523809524
buttery,0.0952380952380952,4.90476190476191,1.80952380952381,3.19047619047619,3.0952380952381
buzzing,4.71428571428571,0.142857142857143,1.71428571428571,0.0476190476190476,1.80952380952381
caramelised,0.285714285714286,4.38095238095238,1.42857142857143,3.9047619047619,3.52380952380952
charred,0.157894736842105,2.42105263157895,1.68421052631579,3.31578947368421,3.68421052631579
cheesy,0.666666666666667,4.71428571428571,0.476190476190476,4.19047619047619,3.04761904761905
chequered,0.105263157894737,0.0,0.263157894736842,0.0,4.47368421052632
chewy,1.33333333333333,4.47619047619048,2.04761904761905,0.619047619047619,2.57142857142857
chilly,0.666666666666667,1.28571428571429,4.19047619047619,0.571428571428571,2.95238095238095
chocolatey,0.333333333333333,4.95238095238095,1.0,4.52380952380952,4.19047619047619
chubby,0.428571428571429,0.19047619047619,4.09523809523809,0.571428571428571,4.95238095238095
circular,0.142857142857143,0.0952380952380952,3.85714285714286,0.0,4.76190476190476
citrusy,0.0476190476190476,5.0,0.571428571428571,3.95238095238095,2.57142857142857
clammy,0.4,0.6,4.35,1.45,2.75
clamorous,2.375,0.125,2.875,0.875,2.25
clean,0.571428571428571,1.80952380952381,3.33333333333333,3.80952380952381,4.61904761904762
clear,2.52380952380952,0.571428571428571,1.23809523809524,1.04761904761905,4.52380952380952
cloudy,0.142857142857143,0.333333333333333,0.285714285714286,0.142857142857143,4.71428571428571
cloying,0.333333333333333,3.33333333333333,1.75,2.33333333333333,1.66666666666667
coconutty,0.19047619047619,4.66666666666667,1.52380952380952,3.61904761904762,3.61904761904762
cold,0.761904761904762,2.38095238095238,4.66666666666667,0.952380952380952,2.85714285714286
colossal,1.6875,0.3125,2.29411764705882,0.5625,4.875
colourful,0.19047619047619,0.333333333333333,0.238095238095238,0.428571428571429,4.80952380952381
compact,0.476190476190476,0.285714285714286,2.9047619047619,0.19047619047619,4.76190476190476
conical,0.153846153846154,0.0769230769230769,4.07692307692308,0.0,4.69230769230769
contoured,0.35,0.05,3.6,0.1,4.15
cooing,4.84210526315789,0.0,0.105263157894737,0.0,2.15789473684211
cool,0.380952380952381,1.85714285714286,4.33333333333333,0.285714285714286,2.42857142857143
crackling,4.28571428571429,1.33333333333333,1.38095238095238,0.904761904761905,2.80952380952381
craggy,1.0,0.133333333333333,2.66666666666667,0.133333333333333,3.46666666666667
crashing,4.57142857142857,0.142857142857143,1.23809523809524,0.523809523809524,4.61904761904762
creaking,4.47619047619048,0.0,1.14285714285714,0.0,2.04761904761905
creamy,0.19047619047619,4.47619047619048,2.76190476190476,2.38095238095238,3.80952380952381
creased,0.15,0.15,3.65,0.15,4.7
crimson,0.19047619047619,0.0476190476190476,0.285714285714286,0.0952380952380952,4.42857142857143
crinkled,2.71428571428571,0.904761904761905,4.61904761904762,0.238095238095238,4.61904761904762
crisp,2.04761904761905,2.66666666666667,3.38095238095238,1.14285714285714,3.0952380952381
crooked,0.619047619047619,0.19047619047619,3.57142857142857,0.142857142857143,4.47619047619048
crowded,3.71428571428571,0.0,2.28571428571429,0.761904761904762,4.61904761904762
crunching,3.71428571428571,3.04761904761905,2.14285714285714,0.428571428571429,2.14285714285714
crying,4.47619047619048,0.142857142857143,1.23809523809524,0.0476190476190476,4.42857142857143
curly,0.0,0.285714285714286,3.85714285714286,0.0,4.76190476190476
curved,0.1,0.105263157894737,3.95,0.0,4.5
cute,3.14285714285714,0.380952380952381,1.66666666666667,0.80952380952381,4.76190476190476
damp,0.380952380952381,0.380952380952381,4.14285714285714,3.14285714285714,3.80952380952381
dank,0.866666666666667,0.733333333333333,1.17647058823529,2.8,3.46666666666667
dappled,0.571428571428571,0.214285714285714,1.85714285714286,0.285714285714286,4.0
dark,0.714285714285714,0.523809523809524,0.19047619047619,0.19047619047619,4.42857142857143
dazzling,0.619047619047619,0.0952380952380952,0.380952380952381,0.238095238095238,4.90476190476191
dead,1.38095238095238,0.238095238095238,2.42857142857143,2.33333333333333,4.09523809523809
deafening,5.0,0.0476190476190476,0.19047619047619,0.0,1.23809523809524
deep,2.0952380952381,0.285714285714286,3.61904761904762,0.380952380952381,4.42857142857143
delicious,1.33333333333333,4.71428571428571,1.33333333333333,4.19047619047619,3.38095238095238
dim,0.80952380952381,0.25,0.0952380952380952,0.19047619047619,4.33333333333333
dirty,0.476190476190476,1.28571428571429,2.71428571428571,3.52380952380952,4.80952380952381
downy,0.133333333333333,0.133333333333333,2.75,0.0,3.33333333333333
drab,1.26315789473684,1.36842105263158,1.10526315789474,0.736842105263158,4.10526315789474
dry,0.333333333333333,2.52380952380952,4.28571428571429,0.428571428571429,3.57142857142857
dull,2.33333333333333,1.23809523809524,0.571428571428571,1.19047619047619,4.28571428571429
dusty,0.05,0.380952380952381,3.38095238095238,1.19047619047619,4.28571428571429
earthy,1.04761904761905,2.0,3.42857142857143,3.0952380952381,3.95238095238095
echoing,4.71428571428571,0.0,0.333333333333333,0.0,0.523809523809524
eggy,0.142857142857143,4.38095238095238,1.04761904761905,4.33333333333333,2.85714285714286
elastic,1.95238095238095,0.619047619047619,4.57142857142857,0.666666666666667,3.80952380952381
elegant,1.85714285714286,0.666666666666667,1.52380952380952,1.0952380952381,4.76190476190476
empty,1.65,0.25,3.6,0.15,4.75
enormous,1.19047619047619,0.0952380952380952,3.85714285714286,0.333333333333333,4.76190476190476
faint,2.33333333333333,1.42857142857143,0.619047619047619,1.85714285714286,2.76190476190476
falling,3.0,0.19047619047619,1.80952380952381,0.19047619047619,4.85714285714286
fat,0.380952380952381,1.55,3.76190476190476,0.952380952380952,4.61904761904762
fatty,0.333333333333333,4.38095238095238,1.85714285714286,1.71428571428571,3.66666666666667
feverish,0.666666666666667,0.238095238095238,3.19047619047619,0.285714285714286,2.85714285714286
filthy,0.380952380952381,0.238095238095238,2.0,2.42857142857143,4.85714285714286
fishy,0.285714285714286,4.47619047619048,0.952380952380952,4.57142857142857,3.38095238095238
flaky,1.19047619047619,1.71428571428571,3.95238095238095,0.333333333333333,3.76190476190476
flat,0.857142857142857,0.523809523809524,4.14285714285714,0.0476190476190476,4.52380952380952
flavoursome,0.19047619047619,4.85714285714286,0.428571428571429,4.23809523809524,1.9047619047619
fleshy,0.0952380952380952,2.15,3.57142857142857,0.904761904761905,4.28571428571429
flickering,1.28571428571429,0.0952380952380952,0.571428571428571,0.0952380952380952,4.76190476190476
floppy,0.142857142857143,0.238095238095238,4.19047619047619,0.142857142857143,4.23809523809524
floral,0.142857142857143,1.35,1.52380952380952,3.80952380952381,4.80952380952381
flowery,0.0,0.571428571428571,1.85714285714286,3.9047619047619,4.42857142857143
fluffy,0.333333333333333,1.0952380952381,4.57142857142857,0.333333333333333,4.04761904761905
foamy,0.285714285714286,1.19047619047619,3.66666666666667,0.428571428571429,4.52380952380952
foetid,0.0,2.25,1.25,2.25,2.25
foggy,0.333333333333333,0.0952380952380952,0.80952380952381,0.476190476190476,4.76190476190476
forked,0.285714285714286,0.238095238095238,3.42857142857143,0.0952380952380952,4.04761904761905
fragrant,0.238095238095238,2.76190476190476,0.238095238095238,5.0,0.952380952380952
freezing,0.666666666666667,2.0952380952381,4.76190476190476,0.619047619047619,3.95238095238095
fresh,1.0,4.09523809523809,2.42857142857143,4.52380952380952,3.95238095238095
frosty,1.04761904761905,0.952380952380952,3.76190476190476,0.857142857142857,4.04761904761905
fruity,0.238095238095238,4.76190476190476,0.904761904761905,4.42857142857143,3.23809523809524
fuzzy,1.57142857142857,0.285714285714286,3.04761904761905,0.0,3.66666666666667
gamy,0.428571428571429,2.21428571428571,2.78571428571429,2.07142857142857,2.78571428571429
garlicky,0.142857142857143,4.95238095238095,0.142857142857143,4.42857142857143,2.14285714285714
gigantic,1.38095238095238,0.142857142857143,3.28571428571429,0.19047619047619,4.71428571428571
giggling,4.71428571428571,0.0,0.571428571428571,0.0,3.95238095238095
glamorous,1.71428571428571,0.238095238095238,1.57142857142857,1.23809523809524,4.66666666666667
gleaming,0.523809523809524,0.238095238095238,0.761904761904762,0.619047619047619,4.57142857142857
glistening,0.952380952380952,0.142857142857143,0.619047619047619,0.19047619047619,4.38095238095238
glittery,0.761904761904762,0.0476190476190476,2.0,0.0952380952380952,4.66666666666667
globular,0.777777777777778,0.888888888888889,3.16666666666667,0.333333333333333,4.44444444444444
glossy,0.380952380952381,0.476190476190476,3.76190476190476,0.333333333333333,4.80952380952381
glowing,0.428571428571429,0.142857142857143,0.523809523809524,0.285714285714286,4.57142857142857
gold,0.142857142857143,0.142857142857143,1.04761904761905,0.238095238095238,4.52380952380952
gooey,1.57142857142857,2.61904761904762,4.66666666666667,0.714285714285714,4.23809523809524
gorgeous,1.47619047619048,2.52380952380952,2.19047619047619,2.85714285714286,4.90476190476191
grainy,1.23809523809524,2.33333333333333,4.19047619047619,0.476190476190476,3.42857142857143
grassy,0.2,0.333333333333333,3.23809523809524,3.0,4.61904761904762
greasy,0.19047619047619,3.80952380952381,3.95238095238095,2.33333333333333,3.76190476190476
green,0.238095238095238,0.523809523809524,0.380952380952381,0.714285714285714,4.95238095238095
grey,0.380952380952381,0.0952380952380952,0.0476190476190476,0.285714285714286,4.76190476190476
gritty,1.85714285714286,1.85714285714286,4.33333333333333,0.19047619047619,3.47619047619048
groaning,4.47619047619048,0.0,0.142857142857143,0.0476190476190476,2.14285714285714
grotesque,1.76190476190476,2.76190476190476,2.85714285714286,3.0,4.38095238095238
growling,4.61904761904762,0.0952380952380952,0.19047619047619,0.19047619047619,3.04761904761905
grubby,0.142857142857143,0.19047619047619,2.33333333333333,2.14285714285714,4.66666666666667
gurgling,4.38095238095238,0.476190476190476,0.714285714285714,0.523809523809524,3.23809523809524
hairy,0.19047619047619,0.19047619047619,4.42857142857143,0.19047619047619,4.47619047619048
handsome,0.904761904761905,0.333333333333333,1.42857142857143,1.38095238095238,4.95238095238095
happy,3.61904761904762,1.14285714285714,1.23809523809524,1.28571428571429,4.33333333333333
hard,1.28571428571429,1.0,4.71428571428571,0.0952380952380952,3.9047619047619
harsh,3.33333333333333,2.28571428571429,2.52380952380952,1.80952380952381,3.19047619047619
hazy,0.952380952380952,0.0,0.142857142857143,0.476190476190476,4.38095238095238
heavy,1.71428571428571,0.571428571428571,3.9047619047619,0.238095238095238,3.52380952380952
herby,0.0476190476190476,4.80952380952381,0.761904761904762,4.14285714285714,2.80952380952381
high,2.47619047619048,0.285714285714286,2.28571428571429,0.285714285714286,4.38095238095238
hissing,4.52380952380952,0.0476190476190476,0.333333333333333,0.0476190476190476,2.0952380952381
hoarse,3.9,0.35,1.45,0.15,1.55
hollow,3.85714285714286,0.571428571428571,4.14285714285714,0.0952380952380952,4.38095238095238
honeyed,0.333333333333333,4.09523809523809,1.33333333333333,3.57142857142857,3.04761904761905
hot,1.04761904761905,4.42857142857143,4.85714285714286,1.66666666666667,3.33333333333333
howling,4.95238095238095,0.142857142857143,0.142857142857143,0.142857142857143,2.80952380952381
huge,1.42857142857143,0.380952380952381,3.71428571428571,0.333333333333333,4.95
humid,0.238095238095238,0.476190476190476,3.28571428571429,1.42857142857143,1.76190476190476
hushed,4.38095238095238,0.0,0.142857142857143,0.0476190476190476,1.80952380952381
husky,4.61904761904762,0.333333333333333,0.571428571428571,0.714285714285714,1.28571428571429
icy,1.23809523809524,1.9047619047619,4.42857142857143,0.619047619047619,4.52380952380952
immense,2.33333333333333,1.61904761904762,2.0952380952381,1.66666666666667,4.0
insipid,0.285714285714286,0.857142857142857,0.428571428571429,1.42857142857143,1.71428571428571
itchy,1.28571428571429,0.333333333333333,4.80952380952381,0.285714285714286,3.14285714285714
jagged,0.619047619047619,0.476190476190476,4.76190476190476,0.238095238095238,4.71428571428571
jammy,0.238095238095238,4.71428571428571,1.52380952380952,2.47619047619048,3.33333333333333
jingling,4.95,0.15,1.1,0.15,2.95
juicy,1.42857142857143,4.85714285714286,2.19047619047619,2.80952380952381,3.61904761904762
khaki,0.3,0.1,0.55,0.25,4.95
large,1.47619047619048,0.571428571428571,4.19047619047619,0.380952380952381,4.85714285714286
laughing,4.71428571428571,0.0476190476190476,0.55,0.0476190476190476,4.33333333333333
leathery,0.523809523809524,0.380952380952381,4.57142857142857,2.85714285714286,4.14285714285714
lemony,0.0,4.95238095238095,0.714285714285714,3.71428571428571,2.9047619047619
light,1.0,1.57142857142857,2.38095238095238,1.0,4.14285714285714
lilting,2.27272727272727,0.363636363636364,1.41666666666667,0.545454545454545,2.54545454545455
lithe,0.0,0.166666666666667,3.0,0.166666666666667,4.16666666666667
little,0.380952380952381,0.0952380952380952,3.23809523809524,0.0,4.66666666666667
long,0.714285714285714,0.0,3.9047619047619,0.0,4.76190476190476
loose,0.380952380952381,0.0476190476190476,3.80952380952381,0.142857142857143,4.14285714285714
loud,4.95238095238095,0.238095238095238,0.238095238095238,0.0952380952380952,1.57142857142857
low,1.9047619047619,0.142857142857143,2.52380952380952,0.142857142857143,4.28571428571429
lukewarm,0.238095238095238,2.57142857142857,4.71428571428571,0.714285714285714,0.714285714285714
lumpy,0.714285714285714,2.52380952380952,4.47619047619048,0.285714285714286,4.42857142857143
lush,0.857142857142857,2.95238095238095,3.0,3.0,4.04761904761905
malty,0.0,3.84210526315789,0.789473684210526,2.73684210526316,1.84210526315789
meaty,0.0952380952380952,4.80952380952381,1.61904761904762,3.28571428571429,3.76190476190476
medicinal,0.6,2.45,0.75,2.35,3.2
mellow,2.71428571428571,1.04761904761905,0.428571428571429,0.80952380952381,3.14285714285714
melodious,4.84210526315789,0.368421052631579,0.526315789473684,0.368421052631579,0.842105263157895
melted,0.857142857142857,2.71428571428571,3.85714285714286,1.57142857142857,4.85714285714286
meowing,4.95238095238095,0.0952380952380952,0.19047619047619,0.380952380952381,2.57142857142857
metal,2.66666666666667,1.28571428571429,4.23809523809524,1.23809523809524,4.52380952380952
mild,1.76190476190476,3.61904761904762,1.38095238095238,2.61904761904762,2.19047619047619
miniature,0.428571428571429,0.142857142857143,3.33333333333333,0.19047619047619,4.57142857142857
minty,0.0,4.95238095238095,0.142857142857143,3.95238095238095,1.71428571428571
misty,0.571428571428571,0.476190476190476,1.0952380952381,0.952380952380952,4.71428571428571
moaning,4.95238095238095,0.142857142857143,0.19047619047619,0.142857142857143,3.0
moist,1.42857142857143,2.85714285714286,4.38095238095238,1.71428571428571,3.66666666666667
motionless,1.71428571428571,0.0,2.52380952380952,0.0476190476190476,4.57142857142857
mottled,0.636363636363636,0.636363636363636,1.33333333333333,0.727272727272727,4.36363636363636
mouldy,0.0476190476190476,3.0,1.80952380952381,3.47619047619048,4.38095238095238
muddy,1.38095238095238,0.761904761904762,3.52380952380952,2.23809523809524,4.52380952380952
muffled,4.47619047619048,0.333333333333333,0.428571428571429,0.333333333333333,1.38095238095238
muggy,0.764705882352941,0.647058823529412,1.35294117647059,1.58823529411765,3.17647058823529
mumbling,4.90476190476191,0.0952380952380952,0.238095238095238,0.142857142857143,1.9047619047619
murky,0.571428571428571,0.428571428571429,0.857142857142857,1.57142857142857,4.38095238095238
murmuring,4.85714285714286,0.0952380952380952,0.238095238095238,0.142857142857143,2.19047619047619
mushroomy,0.0476190476190476,4.76190476190476,1.76190476190476,3.0,3.85714285714286
mushy,1.9047619047619,3.23809523809524,4.42857142857143,0.523809523809524,3.85714285714286
musky,0.368421052631579,2.05263157894737,0.157894736842105,4.26315789473684,1.94736842105263
musty,0.473684210526316,1.73684210526316,0.631578947368421,4.31578947368421,3.21052631578947
mute,4.95238095238095,0.0,0.0952380952380952,0.0,1.52380952380952
muttering,4.80952380952381,0.0952380952380952,0.19047619047619,0.142857142857143,2.61904761904762
narrow,0.523809523809524,0.0952380952380952,3.0952380952381,0.0952380952380952,4.85714285714286
noisy,4.95238095238095,0.0476190476190476,0.285714285714286,0.0476190476190476,1.66666666666667
noxious,0.818181818181818,2.18181818181818,0.272727272727273,3.1,2.45454545454545
nutty,0.333333333333333,4.95238095238095,1.47619047619048,3.0,3.57142857142857
odorous,0.285714285714286,1.85714285714286,0.19047619047619,4.95238095238095,1.14285714285714
oily,0.238095238095238,3.33333333333333,3.61904761904762,2.0,3.9047619047619
oniony,0.19047619047619,4.95238095238095,1.23809523809524,4.52380952380952,3.42857142857143
open,1.33333333333333,0.0952380952380952,3.42857142857143,0.19047619047619,4.76190476190476
orange,0.0952380952380952,2.80952380952381,1.14285714285714,2.33333333333333,4.61904761904762
orangey,0.380952380952381,4.33333333333333,1.57142857142857,3.76190476190476,4.23809523809524
oval,0.0476190476190476,0.285714285714286,3.95238095238095,0.19047619047619,4.61904761904762
painful,3.33333333333333,0.80952380952381,4.61904761904762,0.761904761904762,3.85714285714286
palatable,0.235294117647059,4.82352941176471,0.764705882352941,3.64705882352941,3.47058823529412
pale,0.238095238095238,0.333333333333333,0.285714285714286,0.0952380952380952,4.95238095238095
patterned,0.333333333333333,0.0476190476190476,1.71428571428571,0.0952380952380952,4.90476190476191
peachy,0.0476190476190476,3.61904761904762,2.14285714285714,3.04761904761905,3.23809523809524
peppery,0.0952380952380952,4.95238095238095,0.333333333333333,3.52380952380952,2.66666666666667
perfumed,0.0952380952380952,2.28571428571429,0.19047619047619,4.90476190476191,0.476190476190476
petite,0.285714285714286,0.0,2.71428571428571,0.0,4.52380952380952
pink,0.142857142857143,0.333333333333333,0.333333333333333,0.19047619047619,4.47619047619048
plain,0.571428571428571,3.23809523809524,1.19047619047619,1.0952380952381,4.28571428571429
plastic,1.47619047619048,0.952380952380952,4.28571428571429,1.61904761904762,4.33333333333333
polished,0.428571428571429,0.0,3.47619047619048,1.85714285714286,4.66666666666667
popping,4.19047619047619,0.476190476190476,1.57142857142857,0.476190476190476,3.52380952380952
portly,0.333333333333333,0.833333333333333,2.25,0.916666666666667,4.0
prickly,1.19047619047619,0.952380952380952,4.90476190476191,0.285714285714286,4.14285714285714
puffy,0.80952380952381,0.571428571428571,3.57142857142857,0.428571428571429,4.14285714285714
pulsing,3.42857142857143,0.0476190476190476,4.47619047619048,0.19047619047619,4.14285714285714
pungent,0.210526315789474,2.21052631578947,0.315789473684211,4.84210526315789,1.52631578947368
puny,0.647058823529412,0.411764705882353,2.64705882352941,0.294117647058824,4.47058823529412
purple,0.19047619047619,0.142857142857143,0.0476190476190476,0.0952380952380952,5.0
purring,4.85714285714286,0.0476190476190476,0.857142857142857,0.0952380952380952,2.23809523809524
putrid,0.368421052631579,3.31578947368421,0.631578947368421,3.89473684210526,2.42105263157895
quiet,4.95238095238095,0.0476190476190476,0.0952380952380952,0.0952380952380952,2.0952380952381
radiant,1.28571428571429,0.428571428571429,0.80952380952381,1.0,4.38095238095238
rancid,0.857142857142857,3.23809523809524,1.57142857142857,4.19047619047619,3.0952380952381
raspy,3.64705882352941,0.529411764705882,1.17647058823529,0.647058823529412,2.0
raucous,4.53846153846154,0.230769230769231,0.153846153846154,0.307692307692308,3.23076923076923
rectangular,0.0,0.0952380952380952,3.95238095238095,0.0,4.80952380952381
red,0.19047619047619,0.285714285714286,0.0952380952380952,0.285714285714286,4.71428571428571
reddish,0.1,0.2,0.15,0.2,4.7
reeking,0.105263157894737,2.05263157894737,0.157894736842105,4.94736842105263,1.36842105263158
resounding,3.83333333333333,0.0555555555555556,0.444444444444444,0.0555555555555556,1.83333333333333
reverberating,3.30769230769231,0.0,2.30769230769231,0.0,2.15384615384615
rhythmic,4.61904761904762,0.0,1.33333333333333,0.0952380952380952,2.47619047619048
ripe,0.0952380952380952,4.52380952380952,3.38095238095238,3.66666666666667,4.14285714285714
rippled,2.0,0.5,3.9,0.25,4.25
rippling,3.0,0.894736842105263,3.47368421052632,0.368421052631579,4.63157894736842
roasted,1.33333333333333,4.42857142857143,1.76190476190476,3.85714285714286,4.19047619047619
roasting,1.47619047619048,3.33333333333333,2.33333333333333,3.80952380952381,4.04761904761905
rotten,0.19047619047619,3.28571428571429,2.57142857142857,3.95238095238095,4.09523809523809
rotund,0.2,0.1,2.7,0.0,3.9
rough,2.28571428571429,1.61904761904762,4.90476190476191,0.714285714285714,4.04761904761905
round,0.238095238095238,0.19047619047619,4.38095238095238,0.0,4.47619047619048
rubbery,1.14285714285714,2.14285714285714,4.5,2.14285714285714,3.61904761904762
rumbling,4.23809523809524,0.2,1.66666666666667,0.238095238095238,2.47619047619048
rustling,4.66666666666667,0.2,2.52380952380952,0.55,3.04761904761905
rusty,1.14285714285714,0.666666666666667,3.0,1.57142857142857,4.28571428571429
salty,0.0476190476190476,4.80952380952381,0.666666666666667,1.71428571428571,1.85714285714286
savoury,0.19047619047619,5.0,0.333333333333333,3.52380952380952,2.66666666666667
scaly,0.142857142857143,1.0,4.42857142857143,0.0952380952380952,4.33333333333333
scented,0.0476190476190476,2.33333333333333,0.0952380952380952,4.76190476190476,1.0
scentless,0.19047619047619,2.38095238095238,0.19047619047619,4.42857142857143,1.0
scratchy,3.28571428571429,0.0476190476190476,4.14285714285714,0.0952380952380952,2.85714285714286
scrawny,0.666666666666667,0.285714285714286,2.57142857142857,0.285714285714286,4.76190476190476
screaming,4.95238095238095,0.0476190476190476,0.142857142857143,0.0476190476190476,2.80952380952381
screeching,4.95238095238095,0.0952380952380952,0.333333333333333,0.238095238095238,2.33333333333333
searing,2.2,0.466666666666667,1.86666666666667,0.666666666666667,3.66666666666667
shadowy,0.285714285714286,0.142857142857143,0.285714285714286,0.142857142857143,4.71428571428571
shaggy,0.19047619047619,0.0,4.09523809523809,0.142857142857143,4.19047619047619
shallow,1.38095238095238,0.285714285714286,3.33333333333333,0.19047619047619,4.23809523809524
sharp,1.04761904761905,1.19047619047619,4.57142857142857,0.333333333333333,4.42857142857143
sheer,0.578947368421053,0.0,2.89473684210526,0.0,4.52631578947368
shimmering,0.761904761904762,0.238095238095238,0.857142857142857,0.333333333333333,4.76190476190476
shiny,0.0952380952380952,0.0476190476190476,1.85714285714286,0.0476190476190476,4.95238095238095
short,0.571428571428571,0.142857142857143,3.23809523809524,0.142857142857143,4.95238095238095
shrieking,4.95238095238095,0.142857142857143,0.142857142857143,0.142857142857143,2.71428571428571
shrill,4.78947368421053,0.105263157894737,0.263157894736842,0.105263157894737,1.52631578947368
silent,5.0,0.0952380952380952,0.142857142857143,0.0,1.95238095238095
silky,0.238095238095238,0.380952380952381,4.90476190476191,0.0,3.76190476190476
silver,0.0476190476190476,0.238095238095238,0.666666666666667,0.333333333333333,4.57142857142857
skinny,0.380952380952381,0.142857142857143,4.0,0.19047619047619,4.90476190476191
slick,1.57142857142857,0.142857142857143,3.52380952380952,0.19047619047619,3.80952380952381
slimy,0.80952380952381,2.04761904761905,4.52380952380952,0.857142857142857,3.80952380952381
slippery,1.47619047619048,1.28571428571429,4.61904761904762,0.476190476190476,3.85714285714286
slushy,2.23809523809524,1.85714285714286,3.52380952380952,0.428571428571429,3.57142857142857
small,0.428571428571429,0.0,3.66666666666667,0.0,4.95238095238095
smelly,0.333333333333333,1.42857142857143,0.238095238095238,5.0,1.38095238095238
smoky,0.666666666666667,3.33333333333333,0.476190476190476,4.57142857142857,4.52380952380952
smooth,1.33333333333333,1.85714285714286,4.95238095238095,0.380952380952381,4.14285714285714
snarling,4.38095238095238,0.0,0.238095238095238,0.0,3.52380952380952
snorting,4.65,0.35,0.3,0.35,2.8
soapy,0.666666666666667,1.71428571428571,3.66666666666667,3.19047619047619,3.80952380952381
sodden,0.388888888888889,0.111111111111111,3.55555555555556,0.722222222222222,3.66666666666667
soft,1.66666666666667,1.33333333333333,4.95238095238095,0.666666666666667,4.14285714285714
soggy,1.23809523809524,2.04761904761905,4.28571428571429,1.19047619047619,3.95238095238095
solid,1.85714285714286,1.71428571428571,4.80952380952381,0.19047619047619,4.57142857142857
sonorous,4.77777777777778,0.0,0.888888888888889,0.111111111111111,0.666666666666667
sore,1.04761904761905,0.0952380952380952,4.28571428571429,0.0952380952380952,3.19047619047619
soundless,4.42857142857143,0.0476190476190476,0.333333333333333,0.0476190476190476,1.71428571428571
sour,0.142857142857143,4.80952380952381,0.0476190476190476,2.71428571428571,1.19047619047619
sparkly,1.19047619047619,0.19047619047619,1.28571428571429,0.142857142857143,4.57142857142857
speckled,0.333333333333333,0.142857142857143,1.42857142857143,0.238095238095238,4.71428571428571
spicy,0.333333333333333,5.0,0.428571428571429,4.23809523809524,1.66666666666667
spiky,0.666666666666667,0.80952380952381,4.85714285714286,0.142857142857143,4.52380952380952
spilling,1.95238095238095,0.142857142857143,2.38095238095238,0.714285714285714,4.42857142857143
spotless,0.0952380952380952,0.1,1.76190476190476,0.80952380952381,5.0
spotted,0.571428571428571,0.19047619047619,1.19047619047619,0.0952380952380952,4.66666666666667
square,0.0,0.0476190476190476,4.0,0.0,4.42857142857143
squeaking,4.52380952380952,0.0476190476190476,0.904761904761905,0.0476190476190476,1.38095238095238
squealing,4.66666666666667,0.0,0.19047619047619,0.0,2.04761904761905
stagnant,0.4,1.05,1.05,3.1,3.15
stale,0.714285714285714,4.71428571428571,2.71428571428571,3.80952380952381,3.76190476190476
steep,0.857142857142857,0.0952380952380952,2.57142857142857,0.0952380952380952,4.95238095238095
stenchy,0.333333333333333,1.52380952380952,0.19047619047619,4.90476190476191,1.9047619047619
sticky,0.0476190476190476,2.38095238095238,4.61904761904762,0.428571428571429,3.0952380952381
stinging,0.380952380952381,0.142857142857143,4.66666666666667,0.0476190476190476,1.76190476190476
stinky,0.238095238095238,1.95238095238095,0.0952380952380952,4.76190476190476,1.47619047619048
stormy,4.33333333333333,0.0476190476190476,0.428571428571429,1.2,4.33333333333333
straight,0.19047619047619,0.0952380952380952,4.0,0.0476190476190476,4.90476190476191
strange,3.38095238095238,3.47619047619048,2.52380952380952,3.33333333333333,4.14285714285714
striped,0.285714285714286,0.0952380952380952,0.904761904761905,0.0476190476190476,4.52380952380952
strong,1.9047619047619,3.28571428571429,3.71428571428571,3.0,3.9047619047619
sturdy,0.761904761904762,0.285714285714286,4.19047619047619,0.238095238095238,4.14285714285714
sunny,0.285714285714286,0.0952380952380952,0.952380952380952,0.285714285714286,4.95238095238095
sweaty,0.238095238095238,1.42857142857143,3.52380952380952,4.04761904761905,3.80952380952381
sweet,1.19047619047619,4.85714285714286,0.571428571428571,3.9047619047619,2.19047619047619
swift,2.85714285714286,0.0952380952380952,1.23809523809524,0.238095238095238,4.57142857142857
swinging,1.57142857142857,0.0952380952380952,2.66666666666667,0.0952380952380952,4.42857142857143
tall,0.19047619047619,0.0,2.71428571428571,0.0,4.90476190476191
tangerine,0.285714285714286,4.19047619047619,2.0952380952381,3.23809523809524,4.33333333333333
tangy,0.19047619047619,4.75,0.19047619047619,3.0952380952381,0.80952380952381
tapering,0.6,0.2,3.0,0.2,3.4
tarry,0.0,0.470588235294118,2.41176470588235,2.23529411764706,3.88235294117647
tart,0.105263157894737,4.15789473684211,0.842105263157895,1.89473684210526,2.42105263157895
tasteless,0.333333333333333,4.33333333333333,0.19047619047619,3.23809523809524,1.0952380952381
tasty,0.19047619047619,5.0,0.333333333333333,3.9047619047619,2.76190476190476
tender,1.61904761904762,2.61904761904762,3.95238095238095,1.23809523809524,3.0
tepid,0.315789473684211,1.36842105263158,3.68421052631579,0.473684210526316,1.0
thorny,0.761904761904762,0.761904761904762,4.90476190476191,0.238095238095238,4.42857142857143
thudding,4.57142857142857,0.0476190476190476,2.23809523809524,0.0476190476190476,2.85714285714286
thumping,3.9047619047619,0.142857142857143,2.52380952380952,0.19047619047619,2.61904761904762
thunderous,4.52380952380952,0.0,0.380952380952381,0.380952380952381,3.14285714285714
ticklish,1.0952380952381,0.19047619047619,4.66666666666667,0.142857142857143,2.66666666666667
tight,0.714285714285714,0.0,4.14285714285714,0.0952380952380952,3.9047619047619
tingly,0.5,1.15,4.8,0.4,0.9
tinkling,4.15,0.0,1.5,0.2,1.8
tiny,0.619047619047619,0.238095238095238,3.33333333333333,0.0476190476190476,4.61904761904762
tough,0.571428571428571,2.14285714285714,3.76190476190476,0.142857142857143,3.38095238095238
translucent,0.421052631578947,0.210526315789474,1.05263157894737,0.210526315789474,4.68421052631579
transparent,0.25,0.142857142857143,0.619047619047619,0.142857142857143,4.80952380952381
triangular,0.285714285714286,0.0,3.57142857142857,0.0,4.61904761904762
ugly,0.857142857142857,0.714285714285714,1.66666666666667,1.14285714285714,5.0
uneven,1.52380952380952,0.428571428571429,4.28571428571429,0.428571428571429,4.57142857142857
unpalatable,0.235294117647059,4.76470588235294,1.35294117647059,3.70588235294118,3.52941176470588
unripe,0.285714285714286,3.95238095238095,3.42857142857143,2.66666666666667,4.14285714285714
vegetal,0.181818181818182,3.27272727272727,1.45454545454545,2.6,3.90909090909091
vinegary,0.0,4.95238095238095,0.380952380952381,4.19047619047619,1.76190476190476
vivid,2.52380952380952,1.71428571428571,1.19047619047619,1.61904761904762,4.52380952380952
wailing,4.95,0.15,0.25,0.1,2.85
warbling,3.9375,0.25,0.8125,0.25,1.9375
warm,0.619047619047619,2.85714285714286,4.80952380952381,1.14285714285714,2.38095238095238
waxy,0.619047619047619,1.61904761904762,4.66666666666667,2.14285714285714,4.0
weak,1.85714285714286,2.14285714285714,3.19047619047619,1.42857142857143,3.66666666666667
weightless,1.23809523809524,0.285714285714286,4.28571428571429,0.142857142857143,3.04761904761905
wet,1.85714285714286,1.71428571428571,4.66666666666667,1.80952380952381,4.33333333333333
whiffy,0.3,1.5,0.2,4.9,0.95
whimpering,4.80952380952381,0.0476190476190476,0.380952380952381,0.19047619047619,3.14285714285714
whining,4.85714285714286,0.0952380952380952,0.142857142857143,0.0952380952380952,2.47619047619048
whispering,4.66666666666667,0.0476190476190476,0.238095238095238,0.0952380952380952,2.42857142857143
whistling,4.95238095238095,0.0952380952380952,0.285714285714286,0.0952380952380952,2.04761904761905
white,0.238095238095238,0.1,0.0952380952380952,0.142857142857143,4.57142857142857
wide,0.476190476190476,0.285714285714286,3.66666666666667,0.142857142857143,4.80952380952381
wiry,1.04761904761905,0.761904761904762,4.09523809523809,0.285714285714286,4.19047619047619
wispy,1.63157894736842,0.894736842105263,3.26315789473684,0.263157894736842,4.21052631578947
wizened,2.9,0.1,0.8,0.3,3.1
woolly,0.142857142857143,0.142857142857143,4.42857142857143,0.142857142857143,4.28571428571429
yellow,0.15,0.05,0.0,0.05,4.9
